DATE,PRCP,SNOW,SNWD,TMAX,TMIN,TOBS,FOG,THUNDER,HAIL,RIME,WIND
2022-01-01 00:00:00+00:00,1.91,0.0,0.0,63.0,46.0,57.0,0.0,1.0,0.0,0.0,0.0
2022-01-02 00:00:00+00:00,1.44,0.0,0.0,70.0,50.0,50.0,0.0,0.0,0.0,0.0,0.0
2022-01-03 00:00:00+00:00,0.05,0.0,0.0,50.0,26.0,27.0,0.0,0.0,0.0,0.0,0.0
2022-01-04 00:00:00+00:00,0.0,0.0,0.0,32.0,19.0,23.0,0.0,0.0,0.0,0.0,0.0
2022-01-05 00:00:00+00:00,0.0,0.0,0.0,45.0,23.0,42.0,0.0,0.0,0.0,0.0,0.0
2022-01-06 00:00:00+00:00,0.0,0.0,0.0,51.0,27.0,29.0,0.0,0.0,0.0,0.0,0.0
2022-01-07 00:00:00+00:00,0.57,7.2,7.0,0.0,11.0,11.0,0.0,0.0,0.0,0.0,0.0
2022-01-08 00:00:00+00:00,0.0,0.0,7.0,16.0,9.0,13.0,0.0,0.0,0.0,0.0,0.0
2022-01-09 00:00:00+00:00,0.77,0.0,0.0,45.0,13.0,44.0,0.0,0.0,0.0,0.0,0.0
2022-01-10 00:00:00+00:00,0.82,0.0,0.0,47.0,20.0,21.0,0.0,0.0,0.0,0.0,0.0
2022-01-11 00:00:00+00:00,0.0,0.0,0.0,35.0,16.0,19.0,0.0,0.0,0.0,0.0,0.0
2022-01-12 00:00:00+00:00,0.0,0.0,0.0,37.0,19.0,37.0,0.0,0.0,0.0,0.0,0.0
2022-01-13 00:00:00+00:00,0.0,0.0,0.0,41.0,35.0,41.0,0.0,0.0,0.0,0.0,0.0
2022-01-14 00:00:00+00:00,0.0,0.0,0.0,54.0,31.0,33.0,0.0,0.0,0.0,0.0,0.0
2022-01-15 00:00:00+00:00,0.0,0.0,0.0,38.0,30.0,31.0,0.0,0.0,0.0,0.0,0.0
2022-01-16 00:00:00+00:00,0.0,0.0,0.0,38.0,27.0,28.0,0.0,0.0,0.0,0.0,0.0
2022-01-17 00:00:00+00:00,0.77,7.5,8.0,32.0,23.0,24.0,0.0,0.0,0.0,0.0,0.0
2022-01-18 00:00:00+00:00,0.0,0.0,7.0,26.0,23.0,26.0,0.0,0.0,0.0,0.0,0.0
2022-01-19 00:00:00+00:00,0.0,0.0,3.0,38.0,26.0,38.0,0.0,0.0,0.0,0.0,0.0
2022-01-20 00:00:00+00:00,0.75,1.0,1.0,40.0,21.0,21.0,0.0,0.0,0.0,0.0,0.0
2022-01-21 00:00:00+00:00,0.0,0.0,1.0,23.0,15.0,16.0,0.0,0.0,0.0,0.0,0.0
2022-01-22 00:00:00+00:00,0.0,0.0,1.0,22.0,7.0,16.0,0.0,0.0,0.0,0.0,0.0
2022-01-23 00:00:00+00:00,0.0,0.0,1.0,31.0,16.0,24.0,0.0,0.0,0.0,0.0,0.0
2022-01-24 00:00:00+00:00,0.0,0.0,0.0,39.0,19.0,24.0,0.0,0.0,0.0,0.0,0.0
2022-01-25 00:00:00+00:00,0.0,0.0,0.0,43.0,19.0,29.0,0.0,0.0,0.0,0.0,0.0
2022-01-26 00:00:00+00:00,0.0,0.0,0.0,33.0,14.0,16.0,0.0,0.0,0.0,0.0,0.0
2022-01-27 00:00:00+00:00,0.0,0.0,0.0,24.0,8.0,16.0,0.0,0.0,0.0,0.0,0.0
2022-01-28 00:00:00+00:00,0.0,0.1,0.0,39.0,16.0,29.0,0.0,0.0,0.0,0.0,0.0
2022-01-29 00:00:00+00:00,0.02,0.5,1.0,30.0,7.0,10.0,0.0,0.0,0.0,0.0,0.0
2022-01-30 00:00:00+00:00,0.0,0.0,0.0,26.0,10.0,26.0,0.0,0.0,0.0,0.0,0.0
2022-01-31 00:00:00+00:00,0.0,0.0,0.0,44.0,23.0,29.0,0.0,0.0,0.0,0.0,0.0
2022-02-01 00:00:00+00:00,0.0,0.0,0.0,44.0,28.0,31.0,0.0,0.0,0.0,0.0,0.0
2022-02-02 00:00:00+00:00,0.0,0.0,0.0,60.0,31.0,43.0,0.0,0.0,0.0,0.0,0.0
2022-02-03 00:00:00+00:00,0.5,0.0,0.0,48.0,41.0,48.0,0.0,0.0,0.0,0.0,0.0
2022-02-04 00:00:00+00:00,1.96,0.0,0.0,49.0,24.0,26.0,1.0,0.0,0.0,0.0,0.0
2022-02-05 00:00:00+00:00,0.0,0.0,0.0,26.0,18.0,19.0,0.0,0.0,0.0,0.0,0.0
2022-02-06 00:00:00+00:00,0.0,0.0,0.0,31.0,17.0,22.0,0.0,0.0,0.0,0.0,0.0
2022-02-07 00:00:00+00:00,0.0,0.0,0.0,47.0,22.0,36.0,0.0,0.0,0.0,0.0,0.0
2022-02-08 00:00:00+00:00,0.0,0.0,0.0,50.0,20.0,26.0,0.0,0.0,0.0,0.0,0.0
2022-02-09 00:00:00+00:00,0.0,0.0,0.0,49.0,26.0,42.0,0.0,0.0,0.0,0.0,0.0
2022-02-10 00:00:00+00:00,0.0,0.0,0.0,55.0,36.0,44.0,0.0,0.0,0.0,0.0,0.0
2022-02-11 00:00:00+00:00,0.0,0.0,0.0,54.0,30.0,46.0,0.0,0.0,0.0,0.0,0.0
2022-02-12 00:00:00+00:00,0.0,0.0,0.0,67.0,38.0,38.0,0.0,0.0,0.0,0.0,0.0
2022-02-13 00:00:00+00:00,0.0,0.0,0.0,40.0,24.0,24.0,0.0,0.0,0.0,0.0,0.0
2022-02-14 00:00:00+00:00,0.0,0.0,0.0,34.0,19.0,23.0,0.0,0.0,0.0,0.0,0.0
2022-02-15 00:00:00+00:00,0.0,0.0,0.0,37.0,22.0,29.0,0.0,0.0,0.0,0.0,0.0
2022-02-16 00:00:00+00:00,0.0,0.0,0.0,60.0,29.0,47.0,0.0,0.0,0.0,0.0,0.0
2022-02-17 00:00:00+00:00,0.0,0.0,0.0,62.0,47.0,62.0,0.0,0.0,0.0,0.0,0.0
2022-02-18 00:00:00+00:00,1.8,0.0,0.0,63.0,28.0,28.0,0.0,0.0,0.0,0.0,0.0
2022-02-19 00:00:00+00:00,0.0,0.0,0.0,34.0,23.0,34.0,0.0,0.0,0.0,0.0,0.0
2022-02-20 00:00:00+00:00,0.0,0.0,0.0,40.0,18.0,32.0,0.0,0.0,0.0,0.0,0.0
2022-02-21 00:00:00+00:00,0.0,0.0,0.0,58.0,32.0,44.0,0.0,0.0,0.0,0.0,0.0
2022-02-22 00:00:00+00:00,0.68,0.0,0.0,68.0,44.0,56.0,0.0,0.0,0.0,0.0,0.0
2022-02-23 00:00:00+00:00,0.53,0.0,0.0,62.0,37.0,37.0,0.0,0.0,0.0,0.0,0.0
2022-02-24 00:00:00+00:00,0.27,0.0,0.0,37.0,30.0,32.0,0.0,0.0,0.0,0.0,0.0
2022-02-25 00:00:00+00:00,0.71,0.0,0.0,45.0,31.0,33.0,1.0,0.0,0.0,0.0,0.0
2022-02-26 00:00:00+00:00,0.0,0.0,0.0,34.0,28.0,29.0,0.0,0.0,0.0,0.0,0.0
2022-02-27 00:00:00+00:00,0.0,0.0,0.0,39.0,28.0,35.0,0.0,0.0,0.0,0.0,0.0
2022-02-28 00:00:00+00:00,0.0,0.0,0.0,53.0,27.0,38.0,0.0,0.0,0.0,0.0,0.0
2022-03-01 00:00:00+00:00,0.0,0.0,0.0,56.0,34.0,46.0,0.0,0.0,0.0,0.0,0.0
2022-03-02 00:00:00+00:00,0.0,0.0,0.0,66.0,42.0,51.0,0.0,0.0,0.0,0.0,0.0
2022-03-03 00:00:00+00:00,0.0,0.0,0.0,69.0,51.0,55.0,0.0,0.0,0.0,0.0,0.0
2022-03-04 00:00:00+00:00,0.0,0.0,0.0,62.0,32.0,44.0,0.0,0.0,0.0,0.0,0.0
2022-03-05 00:00:00+00:00,0.0,0.0,0.0,65.0,43.0,59.0,0.0,0.0,0.0,0.0,0.0
2022-03-06 00:00:00+00:00,0.0,0.0,0.0,78.0,59.0,67.0,0.0,0.0,0.0,0.0,0.0
2022-03-07 00:00:00+00:00,0.66,0.0,0.0,72.0,54.0,64.0,0.0,0.0,0.0,0.0,0.0
2022-03-08 00:00:00+00:00,0.54,0.0,0.0,64.0,34.0,36.0,1.0,0.0,0.0,0.0,0.0
2022-03-09 00:00:00+00:00,0.33,0.0,0.0,47.0,36.0,38.0,0.0,0.0,0.0,0.0,0.0
2022-03-10 00:00:00+00:00,0.0,0.0,0.0,46.0,35.0,39.0,0.0,0.0,0.0,0.0,0.0
2022-03-11 00:00:00+00:00,0.0,0.0,0.0,54.0,32.0,45.0,0.0,0.0,0.0,0.0,0.0
2022-03-12 00:00:00+00:00,0.37,2.9,3.0,66.0,18.0,19.0,0.0,0.0,0.0,0.0,0.0
2022-03-13 00:00:00+00:00,0.0,0.0,2.0,25.0,13.0,22.0,0.0,0.0,0.0,0.0,0.0
2022-03-14 00:00:00+00:00,0.0,0.0,0.0,50.0,22.0,41.0,0.0,0.0,0.0,0.0,0.0
2022-03-15 00:00:00+00:00,0.0,0.0,0.0,64.0,41.0,48.0,0.0,0.0,0.0,0.0,0.0
2022-03-16 00:00:00+00:00,0.0,0.0,0.0,67.0,43.0,46.0,0.0,0.0,0.0,0.0,0.0
2022-03-17 00:00:00+00:00,0.01,0.0,0.0,64.0,46.0,51.0,0.0,0.0,0.0,0.0,0.0
2022-03-18 00:00:00+00:00,0.0,0.0,0.0,73.0,50.0,52.0,0.0,0.0,0.0,0.0,0.0
2022-03-19 00:00:00+00:00,0.0,0.0,0.0,69.0,51.0,51.0,0.0,0.0,0.0,0.0,0.0
2022-03-20 00:00:00+00:00,0.09,0.0,0.0,55.0,39.0,43.0,0.0,0.0,0.0,0.0,0.0
2022-03-21 00:00:00+00:00,0.0,0.0,0.0,61.0,37.0,46.0,0.0,0.0,0.0,0.0,0.0
2022-03-22 00:00:00+00:00,0.0,0.0,0.0,71.0,46.0,53.0,0.0,0.0,0.0,0.0,0.0
2022-03-23 00:00:00+00:00,0.08,0.0,0.0,76.0,53.0,57.0,0.0,0.0,0.0,0.0,0.0
2022-03-24 00:00:00+00:00,0.02,0.0,0.0,0.0,46.0,48.0,0.0,0.0,0.0,0.0,0.0
2022-03-25 00:00:00+00:00,0.0,0.0,0.0,58.0,36.0,43.0,0.0,0.0,0.0,0.0,0.0
2022-03-26 00:00:00+00:00,0.06,0.0,0.0,46.0,33.0,41.0,0.0,0.0,0.0,0.0,0.0
2022-03-27 00:00:00+00:00,0.0,0.0,0.0,48.0,27.0,29.0,0.0,0.0,0.0,0.0,0.0
2022-03-28 00:00:00+00:00,0.0,0.0,0.0,43.0,23.0,28.0,0.0,0.0,0.0,0.0,0.0
2022-03-29 00:00:00+00:00,0.0,0.0,0.0,44.0,28.0,32.0,0.0,0.0,0.0,0.0,0.0
2022-03-30 00:00:00+00:00,0.0,0.0,0.0,51.0,32.0,51.0,0.0,0.0,0.0,0.0,0.0
2022-03-31 00:00:00+00:00,0.09,0.0,0.0,81.0,51.0,58.0,0.0,0.0,0.0,0.0,0.0
2022-04-01 00:00:00+00:00,0.07,0.0,0.0,65.0,35.0,37.0,0.0,0.0,0.0,0.0,0.0
2022-04-02 00:00:00+00:00,0.0,0.0,0.0,47.0,31.0,37.0,0.0,0.0,0.0,0.0,0.0
2022-04-03 00:00:00+00:00,0.0,0.0,0.0,60.0,37.0,40.0,0.0,0.0,0.0,0.0,0.0
2022-04-04 00:00:00+00:00,0.0,0.0,0.0,56.0,38.0,41.0,0.0,0.0,0.0,0.0,0.0
2022-04-05 00:00:00+00:00,0.08,0.0,0.0,63.0,41.0,50.0,0.0,0.0,0.0,0.0,0.0
2022-04-06 00:00:00+00:00,0.47,0.0,0.0,58.0,49.0,51.0,0.0,0.0,0.0,0.0,0.0
2022-04-07 00:00:00+00:00,0.42,0.0,0.0,73.0,45.0,49.0,0.0,0.0,0.0,0.0,0.0
2022-04-08 00:00:00+00:00,0.08,0.0,0.0,58.0,38.0,40.0,0.0,0.0,0.0,0.0,0.0
2022-04-09 00:00:00+00:00,0.43,0.0,0.0,44.0,33.0,35.0,0.0,0.0,1.0,0.0,0.0
2022-04-10 00:00:00+00:00,0.05,0.0,0.0,43.0,28.0,41.0,0.0,0.0,0.0,0.0,0.0
2022-04-11 00:00:00+00:00,0.0,0.0,0.0,64.0,41.0,61.0,0.0,0.0,0.0,0.0,0.0
2022-04-12 00:00:00+00:00,0.11,0.0,0.0,69.0,53.0,56.0,0.0,0.0,0.0,0.0,0.0
2022-04-13 00:00:00+00:00,0.02,0.0,0.0,71.0,56.0,63.0,0.0,0.0,0.0,0.0,0.0
2022-04-14 00:00:00+00:00,0.31,0.0,0.0,79.0,46.0,46.0,0.0,0.0,0.0,0.0,0.0
2022-04-15 00:00:00+00:00,0.0,0.0,0.0,62.0,36.0,52.0,0.0,0.0,0.0,0.0,0.0
2022-04-16 00:00:00+00:00,0.03,0.0,0.0,72.0,51.0,56.0,0.0,0.0,0.0,0.0,0.0
2022-04-17 00:00:00+00:00,0.0,0.0,0.0,67.0,39.0,44.0,0.0,0.0,0.0,0.0,0.0
2022-04-18 00:00:00+00:00,0.85,0.0,0.0,58.0,40.0,41.0,0.0,0.0,0.0,0.0,0.0
2022-04-20 00:00:00+00:00,0.0,0.0,0.0,52.0,31.0,46.0,0.0,0.0,0.0,0.0,0.0
2022-04-21 00:00:00+00:00,0.0,0.0,0.0,72.0,46.0,62.0,0.0,0.0,0.0,0.0,0.0
2022-04-22 00:00:00+00:00,0.0,0.0,0.0,69.0,56.0,63.0,0.0,0.0,0.0,0.0,0.0
2022-04-23 00:00:00+00:00,0.0,0.0,0.0,82.0,62.0,70.0,0.0,0.0,0.0,0.0,0.0
2022-04-24 00:00:00+00:00,0.0,0.0,0.0,86.0,63.0,69.0,0.0,0.0,0.0,0.0,0.0
2022-04-25 00:00:00+00:00,0.0,0.0,0.0,84.0,64.0,71.0,0.0,0.0,0.0,0.0,0.0
2022-04-26 00:00:00+00:00,0.33,0.0,0.0,81.0,46.0,46.0,0.0,0.0,0.0,0.0,0.0
2022-04-27 00:00:00+00:00,0.0,0.0,0.0,61.0,38.0,46.0,0.0,0.0,0.0,0.0,0.0
2022-04-28 00:00:00+00:00,0.0,0.0,0.0,49.0,44.0,48.0,0.0,0.0,0.0,0.0,0.0
2022-04-29 00:00:00+00:00,0.0,0.0,0.0,70.0,48.0,56.0,0.0,0.0,0.0,0.0,0.0
2022-04-30 00:00:00+00:00,0.05,0.0,0.0,74.0,55.0,60.0,0.0,0.0,0.0,0.0,0.0
2022-05-01 00:00:00+00:00,0.4,0.0,0.0,79.0,58.0,59.0,0.0,1.0,0.0,0.0,0.0
2022-05-02 00:00:00+00:00,0.0,0.0,0.0,77.0,48.0,63.0,0.0,0.0,0.0,0.0,0.0
2022-05-03 00:00:00+00:00,0.0,0.0,0.0,77.0,57.0,68.0,0.0,0.0,0.0,0.0,0.0
2022-05-04 00:00:00+00:00,0.21,0.0,0.0,84.0,56.0,57.0,0.0,0.0,0.0,0.0,0.0
2022-05-05 00:00:00+00:00,0.0,0.0,0.0,62.0,52.0,59.0,0.0,0.0,0.0,0.0,0.0
2022-05-06 00:00:00+00:00,0.19,0.0,0.0,77.0,58.0,64.0,0.0,1.0,0.0,0.0,0.0
2022-05-07 00:00:00+00:00,2.11,0.0,0.0,65.0,52.0,53.0,0.0,1.0,0.0,0.0,0.0
2022-05-08 00:00:00+00:00,0.05,0.0,0.0,57.0,49.0,51.0,0.0,0.0,0.0,0.0,0.0
2022-05-09 00:00:00+00:00,0.0,0.0,0.0,67.0,48.0,59.0,0.0,0.0,0.0,0.0,0.0
2022-05-10 00:00:00+00:00,0.0,0.0,0.0,77.0,54.0,62.0,0.0,0.0,0.0,0.0,0.0
2022-05-11 00:00:00+00:00,0.0,0.0,0.0,83.0,57.0,70.0,0.0,0.0,0.0,0.0,0.0
2022-05-12 00:00:00+00:00,0.0,0.0,0.0,84.0,52.0,68.0,0.0,0.0,0.0,0.0,0.0
2022-05-13 00:00:00+00:00,0.0,0.0,0.0,82.0,59.0,68.0,0.0,0.0,0.0,0.0,0.0
2022-05-14 00:00:00+00:00,0.02,0.0,0.0,82.0,58.0,64.0,0.0,0.0,0.0,0.0,0.0
2022-05-15 00:00:00+00:00,0.05,0.0,0.0,78.0,58.0,66.0,0.0,0.0,0.0,0.0,0.0
2022-05-16 00:00:00+00:00,0.14,0.0,0.0,82.0,59.0,61.0,0.0,1.0,0.0,0.0,0.0
2022-05-17 00:00:00+00:00,0.0,0.0,0.0,73.0,50.0,62.0,0.0,0.0,0.0,0.0,0.0
2022-05-18 00:00:00+00:00,0.0,0.0,0.0,79.0,55.0,59.0,0.0,0.0,0.0,0.0,0.0
2022-05-19 00:00:00+00:00,0.63,0.0,0.0,79.0,59.0,66.0,0.0,1.0,0.0,0.0,0.0
2022-05-20 00:00:00+00:00,0.21,0.0,0.0,82.0,64.0,71.0,0.0,0.0,0.0,0.0,0.0
2022-05-21 00:00:00+00:00,0.0,0.0,0.0,87.0,67.0,74.0,0.0,0.0,0.0,0.0,0.0
2022-05-22 00:00:00+00:00,0.0,0.0,0.0,85.0,64.0,68.0,0.0,0.0,0.0,0.0,0.0
2022-05-23 00:00:00+00:00,0.32,0.0,0.0,73.0,54.0,54.0,0.0,0.0,0.0,0.0,0.0
2022-05-24 00:00:00+00:00,0.1,0.0,0.0,57.0,53.0,57.0,0.0,0.0,0.0,0.0,0.0
2022-05-25 00:00:00+00:00,0.02,0.0,0.0,67.0,57.0,67.0,0.0,0.0,0.0,0.0,0.0
2022-05-26 00:00:00+00:00,0.11,0.0,0.0,84.0,64.0,65.0,0.0,0.0,0.0,0.0,0.0
2022-05-27 00:00:00+00:00,1.12,0.0,0.0,74.0,58.0,60.0,0.0,0.0,0.0,0.0,0.0
2022-05-28 00:00:00+00:00,0.52,0.0,0.0,68.0,58.0,58.0,0.0,0.0,0.0,0.0,0.0
2022-05-29 00:00:00+00:00,0.0,0.0,0.0,73.0,55.0,64.0,0.0,0.0,0.0,0.0,0.0
2022-05-30 00:00:00+00:00,0.0,0.0,0.0,81.0,60.0,70.0,0.0,0.0,0.0,0.0,0.0
2022-05-31 00:00:00+00:00,0.0,0.0,0.0,86.0,64.0,72.0,0.0,0.0,0.0,0.0,0.0
2022-06-01 00:00:00+00:00,0.0,0.0,0.0,87.0,64.0,74.0,0.0,0.0,0.0,0.0,0.0
2022-06-02 00:00:00+00:00,0.0,0.0,0.0,0.0,66.0,74.0,0.0,0.0,0.0,0.0,0.0
2022-06-03 00:00:00+00:00,0.0,0.0,0.0,80.0,58.0,65.0,0.0,0.0,0.0,0.0,0.0
2022-06-04 00:00:00+00:00,0.0,0.0,0.0,76.0,51.0,67.0,0.0,0.0,0.0,0.0,0.0
2022-06-05 00:00:00+00:00,0.0,0.0,0.0,79.0,54.0,67.0,0.0,0.0,0.0,0.0,0.0
2022-06-06 00:00:00+00:00,0.0,0.0,0.0,80.0,61.0,66.0,0.0,0.0,0.0,0.0,0.0
2022-06-07 00:00:00+00:00,0.33,0.0,0.0,81.0,65.0,68.0,0.0,0.0,0.0,0.0,0.0
2022-06-08 00:00:00+00:00,0.02,0.0,0.0,81.0,65.0,69.0,0.0,0.0,0.0,0.0,0.0
2022-06-09 00:00:00+00:00,0.09,0.0,0.0,87.0,58.0,64.0,0.0,0.0,0.0,0.0,0.0
2022-06-10 00:00:00+00:00,0.0,0.0,0.0,74.0,52.0,64.0,0.0,0.0,0.0,0.0,0.0
2022-06-11 00:00:00+00:00,0.06,0.0,0.0,73.0,58.0,61.0,0.0,0.0,0.0,0.0,0.0
2022-06-12 00:00:00+00:00,0.0,0.0,0.0,78.0,61.0,70.0,0.0,0.0,0.0,0.0,0.0
2022-06-13 00:00:00+00:00,0.0,0.0,0.0,83.0,70.0,77.0,0.0,0.0,0.0,0.0,0.0
2022-06-14 00:00:00+00:00,0.0,0.0,0.0,91.0,75.0,79.0,0.0,0.0,0.0,0.0,0.0
2022-06-15 00:00:00+00:00,0.0,0.0,0.0,90.0,72.0,79.0,0.0,0.0,0.0,0.0,0.0
2022-06-16 00:00:00+00:00,0.0,0.0,0.0,93.0,73.0,80.0,0.0,0.0,0.0,0.0,0.0
2022-06-17 00:00:00+00:00,0.0,0.0,0.0,92.0,73.0,83.0,0.0,0.0,0.0,0.0,0.0
2022-06-18 00:00:00+00:00,0.05,0.0,0.0,86.0,48.0,52.0,0.0,0.0,0.0,0.0,0.0
2022-06-19 00:00:00+00:00,0.0,0.0,0.0,0.0,0.0,61.0,0.0,0.0,0.0,0.0,0.0
2022-06-20 00:00:00+00:00,0.0,0.0,0.0,77.0,52.0,64.0,0.0,0.0,0.0,0.0,0.0
2022-06-21 00:00:00+00:00,0.0,0.0,0.0,83.0,52.0,67.0,0.0,0.0,0.0,0.0,0.0
2022-06-22 00:00:00+00:00,0.0,0.0,0.0,92.0,0.0,75.0,0.0,0.0,0.0,0.0,0.0
2022-06-23 00:00:00+00:00,0.0,0.0,0.0,0.0,0.0,0.0,0.0,0.0,0.0,0.0,0.0
2022-06-24 00:00:00+00:00,0.0,0.0,0.0,0.0,0.0,0.0,0.0,0.0,0.0,0.0,0.0
2022-06-25 00:00:00+00:00,0.0,0.0,0.0,0.0,0.0,0.0,0.0,0.0,0.0,0.0,0.0
2022-06-26 00:00:00+00:00,0.49,0.0,0.0,87.0,0.0,75.0,0.0,1.0,0.0,0.0,0.0
2022-06-27 00:00:00+00:00,1.56,0.0,0.0,83.0,0.0,0.0,0.0,1.0,0.0,0.0,0.0
2022-06-28 00:00:00+00:00,0.01,0.0,0.0,0.0,0.0,65.0,0.0,0.0,0.0,0.0,0.0
2022-06-29 00:00:00+00:00,0.0,0.0,0.0,78.0,56.0,68.0,0.0,0.0,0.0,0.0,0.0
2022-06-30 00:00:00+00:00,0.0,0.0,0.0,85.0,62.0,72.0,0.0,0.0,0.0,0.0,0.0
2022-07-01 00:00:00+00:00,0.2,0.0,0.0,90.0,68.0,76.0,0.0,1.0,0.0,0.0,0.0
2022-07-02 00:00:00+00:00,0.0,0.0,0.0,86.0,68.0,74.0,0.0,0.0,0.0,0.0,0.0
2022-07-03 00:00:00+00:00,1.28,0.0,0.0,86.0,67.0,68.0,0.0,1.0,0.0,0.0,0.0
2022-07-04 00:00:00+00:00,0.0,0.0,0.0,81.0,66.0,72.0,0.0,0.0,0.0,0.0,0.0
2022-07-05 00:00:00+00:00,0.0,0.0,0.0,87.0,71.0,80.0,0.0,0.0,0.0,0.0,0.0
2022-07-06 00:00:00+00:00,0.1,0.0,0.0,86.0,68.0,76.0,0.0,0.0,0.0,0.0,0.0
2022-07-07 00:00:00+00:00,0.76,0.0,0.0,0.0,67.0,75.0,0.0,1.0,0.0,0.0,0.0
2022-07-08 00:00:00+00:00,0.07,0.0,0.0,85.0,71.0,72.0,0.0,1.0,0.0,0.0,0.0
2022-07-09 00:00:00+00:00,0.43,0.0,0.0,85.0,70.0,70.0,0.0,1.0,0.0,0.0,0.0
2022-07-10 00:00:00+00:00,0.34,0.0,0.0,75.0,67.0,69.0,0.0,0.0,0.0,0.0,0.0
2022-07-11 00:00:00+00:00,0.0,0.0,0.0,81.0,63.0,67.0,0.0,0.0,0.0,0.0,0.0
2022-07-12 00:00:00+00:00,0.0,0.0,0.0,85.0,67.0,73.0,0.0,0.0,0.0,0.0,0.0
2022-07-13 00:00:00+00:00,0.71,0.0,0.0,86.0,67.0,70.0,0.0,0.0,0.0,0.0,0.0
2022-07-14 00:00:00+00:00,0.0,0.0,0.0,83.0,62.0,73.0,0.0,0.0,0.0,0.0,0.0
2022-07-15 00:00:00+00:00,0.0,0.0,0.0,83.0,63.0,74.0,0.0,0.0,0.0,0.0,0.0
2022-07-16 00:00:00+00:00,0.0,0.0,0.0,84.0,68.0,73.0,0.0,0.0,0.0,0.0,0.0
2022-07-17 00:00:00+00:00,0.0,0.0,0.0,86.0,69.0,78.0,0.0,0.0,0.0,0.0,0.0
2022-07-18 00:00:00+00:00,0.63,0.0,0.0,82.0,68.0,70.0,1.0,1.0,0.0,0.0,0.0
2022-07-19 00:00:00+00:00,0.34,0.0,0.0,73.0,68.0,71.0,0.0,1.0,0.0,0.0,0.0
2022-07-20 00:00:00+00:00,0.01,0.0,0.0,84.0,67.0,76.0,0.0,0.0,0.0,0.0,0.0
2022-07-21 00:00:00+00:00,0.0,0.0,0.0,87.0,71.0,71.0,0.0,1.0,0.0,0.0,0.0
2022-07-22 00:00:00+00:00,0.0,0.0,0.0,85.0,65.0,77.0,0.0,0.0,0.0,0.0,0.0
2022-07-23 00:00:00+00:00,0.0,0.0,0.0,87.0,0.0,75.0,0.0,0.0,0.0,0.0,0.0
2022-07-24 00:00:00+00:00,0.0,0.0,0.0,0.0,0.0,72.0,0.0,0.0,0.0,0.0,0.0
2022-07-25 00:00:00+00:00,0.0,0.0,0.0,87.0,72.0,76.0,0.0,0.0,0.0,0.0,0.0
2022-07-26 00:00:00+00:00,0.23,0.0,0.0,81.0,71.0,71.0,0.0,0.0,0.0,0.0,0.0
2022-07-27 00:00:00+00:00,1.14,0.0,0.0,78.0,71.0,76.0,0.0,1.0,0.0,0.0,0.0
2022-07-28 00:00:00+00:00,4.24,0.0,0.0,85.0,69.0,71.0,0.0,1.0,0.0,0.0,0.0
2022-07-29 00:00:00+00:00,0.37,0.0,0.0,81.0,68.0,69.0,0.0,0.0,0.0,0.0,0.0
2022-07-30 00:00:00+00:00,0.0,0.0,0.0,81.0,62.0,71.0,0.0,0.0,0.0,0.0,0.0
2022-07-31 00:00:00+00:00,0.01,0.0,0.0,80.0,67.0,69.0,0.0,0.0,0.0,0.0,0.0
2022-08-01 00:00:00+00:00,0.37,0.0,0.0,77.0,69.0,73.0,0.0,0.0,0.0,0.0,0.0
2022-08-03 00:00:00+00:00,0.0,0.0,0.0,86.0,67.0,78.0,0.0,0.0,0.0,0.0,0.0
2022-08-04 00:00:00+00:00,0.0,0.0,0.0,86.0,0.0,75.0,0.0,0.0,0.0,0.0,0.0
2022-08-05 00:00:00+00:00,0.12,0.0,0.0,79.0,0.0,70.0,0.0,0.0,0.0,0.0,0.0
2022-08-06 00:00:00+00:00,1.34,0.0,0.0,76.0,68.0,68.0,0.0,1.0,0.0,0.0,0.0
2022-08-07 00:00:00+00:00,0.33,0.0,0.0,81.0,66.0,72.0,0.0,1.0,0.0,0.0,0.0
2022-08-08 00:00:00+00:00,1.33,0.0,0.0,0.0,0.0,0.0,0.0,1.0,0.0,0.0,0.0
2022-08-09 00:00:00+00:00,0.0,0.0,0.0,0.0,0.0,0.0,0.0,0.0,0.0,0.0,0.0
2022-08-10 00:00:00+00:00,0.0,0.0,0.0,0.0,0.0,0.0,0.0,0.0,0.0,0.0,0.0
2022-08-11 00:00:00+00:00,0.2,0.0,0.0,0.0,0.0,0.0,0.0,0.0,0.0,0.0,0.0
2022-08-12 00:00:00+00:00,0.0,0.0,0.0,0.0,0.0,0.0,0.0,0.0,0.0,0.0,0.0
2022-08-13 00:00:00+00:00,0.0,0.0,0.0,0.0,0.0,0.0,0.0,0.0,0.0,0.0,0.0
2022-08-14 00:00:00+00:00,0.0,0.0,0.0,0.0,0.0,0.0,0.0,0.0,0.0,0.0,0.0
2022-08-15 00:00:00+00:00,0.0,0.0,0.0,0.0,0.0,0.0,0.0,0.0,0.0,0.0,0.0
2022-08-16 00:00:00+00:00,0.0,0.0,0.0,0.0,0.0,0.0,0.0,0.0,0.0,0.0,0.0
2022-08-17 00:00:00+00:00,0.0,0.0,0.0,0.0,0.0,0.0,0.0,0.0,0.0,0.0,0.0
2022-08-18 00:00:00+00:00,0.0,0.0,0.0,76.0,0.0,67.0,0.0,0.0,0.0,0.0,0.0
2022-08-19 00:00:00+00:00,0.0,0.0,0.0,80.0,60.0,70.0,0.0,0.0,0.0,0.0,0.0
2022-08-20 00:00:00+00:00,0.0,0.0,0.0,85.0,65.0,68.0,0.0,0.0,0.0,0.0,0.0
2022-08-21 00:00:00+00:00,0.0,0.0,0.0,83.0,68.0,71.0,0.0,0.0,0.0,0.0,0.0
2022-08-22 00:00:00+00:00,0.0,0.0,0.0,77.0,67.0,69.0,0.0,0.0,0.0,0.0,0.0
2022-08-23 00:00:00+00:00,0.0,0.0,0.0,81.0,60.0,70.0,0.0,0.0,0.0,0.0,0.0
2022-08-24 00:00:00+00:00,0.0,0.0,0.0,81.0,60.0,71.0,0.0,0.0,0.0,0.0,0.0
2022-08-25 00:00:00+00:00,0.0,0.0,0.0,84.0,61.0,72.0,0.0,0.0,0.0,0.0,0.0
2022-08-26 00:00:00+00:00,0.0,0.0,0.0,85.0,64.0,74.0,0.0,0.0,0.0,0.0,0.0
2022-08-27 00:00:00+00:00,0.18,0.0,0.0,85.0,63.0,67.0,0.0,0.0,0.0,0.0,0.0
2022-08-28 00:00:00+00:00,0.0,0.0,0.0,84.0,66.0,72.0,0.0,0.0,0.0,0.0,0.0
2022-08-29 00:00:00+00:00,0.0,0.0,0.0,88.0,68.0,75.0,0.0,0.0,0.0,0.0,0.0
2022-08-30 00:00:00+00:00,0.21,0.0,0.0,88.0,67.0,69.0,0.0,1.0,0.0,0.0,0.0
2022-08-31 00:00:00+00:00,0.03,0.0,0.0,81.0,58.0,66.0,0.0,0.0,0.0,0.0,0.0
2022-09-01 00:00:00+00:00,0.0,0.0,0.0,81.0,57.0,68.0,0.0,0.0,0.0,0.0,0.0
2022-09-02 00:00:00+00:00,0.0,0.0,0.0,82.0,61.0,70.0,0.0,0.0,0.0,0.0,0.0
2022-09-03 00:00:00+00:00,0.07,0.0,0.0,85.0,69.0,70.0,0.0,0.0,0.0,0.0,0.0
2022-09-04 00:00:00+00:00,0.0,0.0,0.0,82.0,68.0,69.0,0.0,0.0,0.0,0.0,0.0
2022-09-05 00:00:00+00:00,0.46,0.0,0.0,79.0,68.0,69.0,0.0,0.0,0.0,0.0,0.0
2022-09-06 00:00:00+00:00,0.16,0.0,0.0,80.0,66.0,69.0,0.0,0.0,0.0,0.0,0.0
2022-09-07 00:00:00+00:00,0.04,0.0,0.0,78.0,65.0,66.0,0.0,0.0,0.0,0.0,0.0
2022-09-08 00:00:00+00:00,0.0,0.0,0.0,74.0,57.0,64.0,0.0,0.0,0.0,0.0,0.0
2022-09-09 00:00:00+00:00,0.0,0.0,0.0,78.0,61.0,65.0,0.0,0.0,0.0,0.0,0.0
2022-09-10 00:00:00+00:00,0.0,0.0,0.0,84.0,64.0,67.0,0.0,0.0,0.0,0.0,0.0
2022-09-11 00:00:00+00:00,0.0,0.0,0.0,75.0,65.0,68.0,0.0,0.0,0.0,0.0,0.0
2022-09-12 00:00:00+00:00,0.55,0.0,0.0,78.0,61.0,62.0,0.0,0.0,0.0,0.0,0.0
2022-09-13 00:00:00+00:00,0.0,0.0,0.0,71.0,51.0,59.0,0.0,0.0,0.0,0.0,0.0
2022-09-14 00:00:00+00:00,0.0,0.0,0.0,71.0,53.0,60.0,0.0,0.0,0.0,0.0,0.0
2022-09-15 00:00:00+00:00,0.0,0.0,0.0,74.0,54.0,61.0,0.0,0.0,0.0,0.0,0.0
2022-09-16 00:00:00+00:00,0.0,0.0,0.0,78.0,55.0,60.0,0.0,0.0,0.0,0.0,0.0
2022-09-17 00:00:00+00:00,0.0,0.0,0.0,81.0,58.0,62.0,0.0,0.0,0.0,0.0,0.0
2022-09-18 00:00:00+00:00,0.0,0.0,0.0,82.0,57.0,66.0,0.0,0.0,0.0,0.0,0.0
2022-09-19 00:00:00+00:00,0.0,0.0,0.0,81.0,59.0,62.0,0.0,0.0,0.0,0.0,0.0
2022-09-20 00:00:00+00:00,0.0,0.0,0.0,84.0,62.0,70.0,0.0,0.0,0.0,0.0,0.0
2022-09-21 00:00:00+00:00,0.0,0.0,0.0,85.0,61.0,68.0,0.0,0.0,0.0,0.0,0.0
2022-09-22 00:00:00+00:00,0.31,0.0,0.0,89.0,67.0,67.0,0.0,0.0,0.0,0.0,0.0
2022-09-23 00:00:00+00:00,0.0,0.0,0.0,70.0,45.0,54.0,0.0,0.0,0.0,0.0,0.0
2022-09-24 00:00:00+00:00,0.04,0.0,0.0,67.0,52.0,54.0,0.0,0.0,0.0,0.0,0.0
2022-09-25 00:00:00+00:00,0.03,0.0,0.0,73.0,54.0,63.0,0.0,0.0,0.0,0.0,0.0
2022-09-26 00:00:00+00:00,0.07,0.0,0.0,75.0,51.0,60.0,0.0,0.0,0.0,0.0,0.0
2022-09-27 00:00:00+00:00,0.0,0.0,0.0,70.0,41.0,52.0,0.0,0.0,0.0,0.0,0.0
2022-09-28 00:00:00+00:00,0.0,0.0,0.0,66.0,39.0,49.0,0.0,0.0,0.0,0.0,0.0
2022-09-29 00:00:00+00:00,0.0,0.0,0.0,57.0,45.0,48.0,0.0,0.0,0.0,0.0,0.0
2022-09-30 00:00:00+00:00,0.0,0.0,0.0,63.0,44.0,46.0,0.0,0.0,0.0,0.0,0.0
2022-10-01 00:00:00+00:00,0.0,0.0,0.0,65.0,46.0,51.0,0.0,0.0,0.0,0.0,0.0
2022-10-02 00:00:00+00:00,0.0,0.0,0.0,56.0,51.0,54.0,0.0,0.0,0.0,0.0,0.0
2022-10-03 00:00:00+00:00,0.0,0.0,0.0,60.0,50.0,53.0,0.0,0.0,0.0,0.0,0.0
2022-10-04 00:00:00+00:00,0.0,0.0,0.0,64.0,38.0,51.0,0.0,0.0,0.0,0.0,0.0
2022-10-05 00:00:00+00:00,0.0,0.0,0.0,67.0,38.0,50.0,0.0,0.0,0.0,0.0,0.0
2022-10-06 00:00:00+00:00,0.0,0.0,0.0,72.0,42.0,49.0,0.0,0.0,0.0,0.0,0.0
2022-10-07 00:00:00+00:00,0.0,0.0,0.0,75.0,47.0,57.0,0.0,0.0,0.0,0.0,0.0
2022-10-08 00:00:00+00:00,0.0,0.0,0.0,67.0,35.0,42.0,0.0,0.0,0.0,0.0,0.0
2022-10-09 00:00:00+00:00,0.0,0.0,0.0,59.0,30.0,35.0,0.0,0.0,0.0,0.0,0.0
2022-10-10 00:00:00+00:00,0.0,0.0,0.0,63.0,34.0,41.0,0.0,0.0,0.0,0.0,0.0
2022-10-11 00:00:00+00:00,0.0,0.0,0.0,70.0,40.0,47.0,0.0,0.0,0.0,0.0,0.0
2022-10-12 00:00:00+00:00,0.0,0.0,0.0,72.0,47.0,54.0,0.0,0.0,0.0,0.0,0.0
2022-10-13 00:00:00+00:00,0.26,0.0,0.0,75.0,54.0,59.0,0.0,0.0,0.0,0.0,0.0
2022-10-14 00:00:00+00:00,0.0,0.0,0.0,63.0,33.0,50.0,0.0,0.0,0.0,0.0,0.0
2022-10-15 00:00:00+00:00,0.0,0.0,0.0,66.0,48.0,61.0,0.0,0.0,0.0,0.0,0.0
2022-10-16 00:00:00+00:00,0.0,0.0,0.0,72.0,46.0,50.0,0.0,0.0,0.0,0.0,0.0
2022-10-17 00:00:00+00:00,0.05,0.0,0.0,61.0,43.0,47.0,0.0,0.0,0.0,0.0,0.0
2022-10-18 00:00:00+00:00,0.0,0.0,0.0,56.0,31.0,35.0,0.0,0.0,0.0,0.0,0.0
2022-10-19 00:00:00+00:00,0.0,0.0,0.0,0.0,31.0,40.0,0.0,0.0,0.0,0.0,0.0
2022-10-20 00:00:00+00:00,0.0,0.0,0.0,54.0,30.0,38.0,0.0,0.0,0.0,0.0,0.0
2022-10-21 00:00:00+00:00,0.0,0.0,0.0,57.0,33.0,42.0,0.0,0.0,0.0,0.0,0.0
2022-10-22 00:00:00+00:00,0.0,0.0,0.0,69.0,42.0,45.0,0.0,0.0,0.0,0.0,0.0
2022-10-23 00:00:00+00:00,0.0,0.0,0.0,75.0,45.0,57.0,0.0,0.0,0.0,0.0,0.0
2022-10-24 00:00:00+00:00,0.0,0.0,0.0,75.0,43.0,48.0,0.0,0.0,0.0,0.0,0.0
2022-10-25 00:00:00+00:00,0.0,0.0,0.0,75.0,48.0,56.0,0.0,0.0,0.0,0.0,0.0
2022-10-26 00:00:00+00:00,0.26,0.0,0.0,78.0,40.0,49.0,0.0,0.0,0.0,0.0,0.0
2022-10-27 00:00:00+00:00,0.0,0.0,0.0,49.0,38.0,47.0,0.0,0.0,0.0,0.0,0.0
2022-10-28 00:00:00+00:00,0.0,0.0,0.0,61.0,42.0,51.0,0.0,0.0,0.0,0.0,0.0
2022-10-29 00:00:00+00:00,0.0,0.0,0.0,71.0,44.0,49.0,0.0,0.0,0.0,0.0,0.0
2022-10-30 00:00:00+00:00,0.0,0.0,0.0,72.0,49.0,54.0,0.0,0.0,0.0,0.0,0.0
2022-10-31 00:00:00+00:00,0.76,0.0,0.0,67.0,54.0,58.0,0.0,0.0,0.0,0.0,0.0
2022-11-01 00:00:00+00:00,0.01,0.0,0.0,66.0,55.0,57.0,0.0,0.0,0.0,0.0,0.0
2022-11-02 00:00:00+00:00,0.0,0.0,0.0,63.0,48.0,52.0,0.0,0.0,0.0,0.0,0.0
2022-11-03 00:00:00+00:00,0.0,0.0,0.0,65.0,44.0,45.0,0.0,0.0,0.0,0.0,0.0
2022-11-04 00:00:00+00:00,0.0,0.0,0.0,75.0,45.0,51.0,0.0,0.0,0.0,0.0,0.0
2022-11-05 00:00:00+00:00,0.0,0.0,0.0,76.0,51.0,60.0,0.0,0.0,0.0,0.0,0.0
2022-11-06 00:00:00+00:00,0.02,0.0,0.0,77.0,60.0,64.0,0.0,0.0,0.0,0.0,0.0
2022-11-07 00:00:00+00:00,0.0,0.0,0.0,74.0,62.0,66.0,0.0,0.0,0.0,0.0,0.0
2022-11-08 00:00:00+00:00,0.0,0.0,0.0,76.0,47.0,51.0,0.0,0.0,0.0,0.0,0.0
2022-11-09 00:00:00+00:00,0.0,0.0,0.0,68.0,46.0,54.0,0.0,0.0,0.0,0.0,0.0
2022-11-10 00:00:00+00:00,0.0,0.0,0.0,75.0,47.0,55.0,0.0,0.0,0.0,0.0,0.0
2022-11-11 00:00:00+00:00,0.4,0.0,0.0,71.0,55.0,59.0,0.0,0.0,0.0,0.0,0.0
2022-11-12 00:00:00+00:00,1.83,0.0,0.0,60.0,41.0,41.0,0.0,0.0,0.0,0.0,0.0
2022-11-13 00:00:00+00:00,0.18,0.0,0.0,41.0,30.0,30.0,0.0,0.0,1.0,1.0,0.0
2022-11-14 00:00:00+00:00,0.0,0.0,0.0,33.0,28.0,33.0,0.0,0.0,0.0,0.0,0.0
2022-11-15 00:00:00+00:00,0.17,0.0,0.0,46.0,33.0,35.0,0.0,0.0,0.0,0.0,0.0
2022-11-16 00:00:00+00:00,0.3,0.0,0.0,42.0,35.0,35.0,0.0,0.0,0.0,0.0,0.0
2022-11-17 00:00:00+00:00,0.0,0.0,0.0,38.0,24.0,29.0,0.0,0.0,0.0,0.0,0.0
2022-11-18 00:00:00+00:00,0.0,0.0,0.0,36.0,21.0,31.0,0.0,0.0,0.0,0.0,0.0
2022-11-19 00:00:00+00:00,0.0,0.0,0.0,34.0,17.0,23.0,0.0,0.0,0.0,0.0,0.0
2022-11-20 00:00:00+00:00,0.0,0.0,0.0,40.0,21.0,27.0,0.0,0.0,0.0,0.0,0.0
2022-11-21 00:00:00+00:00,0.0,0.0,0.0,35.0,17.0,27.0,0.0,0.0,0.0,0.0,0.0
2022-11-22 00:00:00+00:00,0.0,0.0,0.0,50.0,24.0,35.0,0.0,0.0,0.0,0.0,0.0
2022-11-23 00:00:00+00:00,0.0,0.0,0.0,57.0,29.0,36.0,0.0,0.0,0.0,0.0,0.0
2022-11-24 00:00:00+00:00,0.0,0.0,0.0,0.0,0.0,0.0,0.0,0.0,0.0,0.0,0.0
2022-11-25 00:00:00+00:00,0.07,0.0,0.0,0.0,0.0,0.0,0.0,0.0,0.0,0.0,0.0
2022-11-26 00:00:00+00:00,0.02,0.0,0.0,0.0,0.0,0.0,0.0,0.0,0.0,0.0,0.0
2022-11-27 00:00:00+00:00,0.29,0.0,0.0,0.0,0.0,0.0,0.0,0.0,0.0,0.0,0.0
2022-11-28 00:00:00+00:00,0.06,0.0,0.0,0.0,0.0,0.0,0.0,0.0,0.0,0.0,0.0
2022-11-29 00:00:00+00:00,0.01,0.0,0.0,0.0,0.0,0.0,0.0,0.0,0.0,0.0,0.0
2022-11-30 00:00:00+00:00,0.92,0.0,0.0,0.0,0.0,0.0,0.0,0.0,0.0,0.0,0.0
2022-12-01 00:00:00+00:00,0.02,0.0,0.0,0.0,0.0,0.0,0.0,0.0,0.0,0.0,0.0
2022-12-02 00:00:00+00:00,0.0,0.0,0.0,0.0,0.0,0.0,0.0,0.0,0.0,0.0,0.0
2022-12-03 00:00:00+00:00,0.25,0.0,0.0,0.0,0.0,0.0,0.0,0.0,0.0,0.0,0.0
2022-12-04 00:00:00+00:00,0.03,0.0,0.0,0.0,0.0,0.0,0.0,0.0,0.0,0.0,0.0
2022-12-05 00:00:00+00:00,0.0,0.0,0.0,0.0,0.0,0.0,0.0,0.0,0.0,0.0,0.0
2022-12-06 00:00:00+00:00,0.27,0.0,0.0,0.0,0.0,0.0,0.0,0.0,0.0,0.0,0.0
2022-12-07 00:00:00+00:00,1.68,0.0,0.0,0.0,0.0,0.0,0.0,0.0,0.0,0.0,0.0
2022-12-08 00:00:00+00:00,0.17,0.0,0.0,0.0,0.0,0.0,0.0,0.0,0.0,0.0,0.0
2022-12-09 00:00:00+00:00,0.44,0.0,0.0,0.0,0.0,0.0,0.0,0.0,0.0,0.0,0.0
2022-12-10 00:00:00+00:00,0.03,0.0,0.0,0.0,0.0,0.0,0.0,0.0,0.0,0.0,0.0
2022-12-11 00:00:00+00:00,0.02,0.0,0.0,0.0,0.0,0.0,0.0,0.0,0.0,0.0,0.0
2022-12-12 00:00:00+00:00,0.0,0.0,0.0,0.0,0.0,0.0,0.0,0.0,0.0,0.0,0.0
2022-12-13 00:00:00+00:00,0.27,0.0,0.0,0.0,0.0,0.0,0.0,0.0,0.0,0.0,0.0
2022-12-14 00:00:00+00:00,0.75,0.0,0.0,0.0,0.0,44.0,0.0,0.0,0.0,0.0,0.0
2022-12-15 00:00:00+00:00,0.54,0.0,0.0,53.0,44.0,47.0,0.0,0.0,0.0,0.0,0.0
2022-12-16 00:00:00+00:00,0.01,0.0,0.0,52.0,32.0,38.0,0.0,0.0,0.0,0.0,0.0
2022-12-17 00:00:00+00:00,0.0,0.0,0.0,44.0,28.0,33.0,0.0,0.0,0.0,0.0,0.0
2022-12-18 00:00:00+00:00,0.0,0.0,0.0,42.0,26.0,27.0,0.0,0.0,0.0,0.0,0.0
2022-12-19 00:00:00+00:00,0.0,0.0,0.0,34.0,19.0,27.0,0.0,0.0,0.0,0.0,0.0
2022-12-20 00:00:00+00:00,0.0,0.0,0.0,37.0,27.0,33.0,0.0,0.0,0.0,0.0,0.0
2022-12-21 00:00:00+00:00,0.0,0.0,0.0,44.0,27.0,32.0,0.0,0.0,0.0,0.0,0.0
2022-12-22 00:00:00+00:00,0.0,0.0,0.0,48.0,32.0,41.0,0.0,0.0,0.0,0.0,0.0
2022-12-23 00:00:00+00:00,0.11,0.5,1.0,50.0,-6.0,-5.0,0.0,0.0,0.0,0.0,0.0
2022-12-24 00:00:00+00:00,0.0,0.0,1.0,5.0,-5.0,5.0,0.0,0.0,0.0,0.0,0.0
2022-12-25 00:00:00+00:00,0.0,0.0,1.0,12.0,4.0,12.0,0.0,0.0,0.0,0.0,0.0
2022-12-26 00:00:00+00:00,0.0,0.0,1.0,23.0,10.0,17.0,0.0,0.0,0.0,0.0,0.0
2022-12-27 00:00:00+00:00,0.0,0.0,1.0,29.0,17.0,28.0,0.0,0.0,0.0,0.0,0.0
2022-12-28 00:00:00+00:00,0.0,0.0,0.0,36.0,25.0,33.0,0.0,0.0,0.0,0.0,0.0
2022-12-29 00:00:00+00:00,0.0,0.0,0.0,52.0,33.0,46.0,0.0,0.0,0.0,0.0,0.0
2022-12-30 00:00:00+00:00,0.0,0.0,0.0,65.0,46.0,50.0,0.0,0.0,0.0,0.0,0.0
2022-12-31 00:00:00+00:00,0.0,0.0,0.0,67.0,50.0,55.0,0.0,0.0,0.0,0.0,0.0
2023-01-01 00:00:00+00:00,0.02,0.0,0.0,58.0,43.0,45.0,0.0,0.0,0.0,0.0,0.0
2023-01-02 00:00:00+00:00,0.0,0.0,0.0,58.0,44.0,49.0,0.0,0.0,0.0,0.0,0.0
2023-01-03 00:00:00+00:00,0.0,0.0,0.0,66.0,49.0,66.0,0.0,0.0,0.0,0.0,0.0
2023-01-04 00:00:00+00:00,0.32,0.0,0.0,66.0,54.0,58.0,0.0,0.0,0.0,0.0,0.0
2023-01-05 00:00:00+00:00,0.05,0.0,0.0,64.0,33.0,41.0,0.0,0.0,0.0,0.0,0.0
2023-01-06 00:00:00+00:00,0.0,0.0,0.0,52.0,29.0,37.0,0.0,0.0,0.0,0.0,0.0
2023-01-07 00:00:00+00:00,0.0,0.0,0.0,52.0,29.0,35.0,0.0,0.0,0.0,0.0,0.0
2023-01-08 00:00:00+00:00,0.0,0.0,0.0,51.0,35.0,37.0,0.0,0.0,0.0,0.0,0.0
2023-01-09 00:00:00+00:00,0.0,0.0,0.0,46.0,34.0,34.0,0.0,0.0,0.0,0.0,0.0
2023-01-10 00:00:00+00:00,0.0,0.0,0.0,40.0,26.0,35.0,0.0,0.0,0.0,0.0,0.0
2023-01-11 00:00:00+00:00,0.0,0.0,0.0,52.0,35.0,42.0,0.0,0.0,0.0,0.0,0.0
2023-01-12 00:00:00+00:00,0.05,0.0,0.0,62.0,42.0,62.0,0.0,0.0,0.0,0.0,0.0
2023-01-13 00:00:00+00:00,1.39,0.0,0.0,63.0,32.0,33.0,0.0,0.0,0.0,0.0,0.0
2023-01-14 00:00:00+00:00,0.03,0.1,0.0,0.0,27.0,29.0,0.0,0.0,0.0,0.0,0.0
2023-01-15 00:00:00+00:00,0.0,0.0,0.0,34.0,19.0,28.0,0.0,0.0,0.0,0.0,0.0
2023-01-16 00:00:00+00:00,0.0,0.0,0.0,41.0,25.0,31.0,0.0,0.0,0.0,0.0,0.0
2023-01-17 00:00:00+00:00,0.35,0.0,0.0,49.0,31.0,49.0,0.0,0.0,0.0,0.0,0.0
2023-01-18 00:00:00+00:00,0.02,0.0,0.0,59.0,40.0,42.0,0.0,0.0,0.0,0.0,0.0
2023-01-19 00:00:00+00:00,0.41,0.0,0.0,64.0,42.0,55.0,0.0,0.0,0.0,0.0,0.0
2023-01-20 00:00:00+00:00,0.01,0.0,0.0,64.0,37.0,37.0,0.0,0.0,0.0,0.0,0.0
2023-01-21 00:00:00+00:00,0.0,0.0,0.0,37.0,31.0,32.0,0.0,0.0,0.0,0.0,0.0
2023-01-22 00:00:00+00:00,0.03,0.0,0.0,43.0,32.0,35.0,0.0,0.0,0.0,0.0,0.0
2023-01-23 00:00:00+00:00,0.27,0.1,0.0,41.0,31.0,32.0,0.0,0.0,0.0,0.0,0.0
2023-01-24 00:00:00+00:00,0.0,0.0,0.0,36.0,24.0,32.0,0.0,0.0,0.0,0.0,0.0
2023-01-25 00:00:00+00:00,0.52,0.0,0.0,47.0,32.0,44.0,0.0,0.0,0.0,0.0,0.0
2023-01-26 00:00:00+00:00,0.02,0.0,0.0,57.0,32.0,34.0,0.0,0.0,0.0,0.0,0.0
2023-01-27 00:00:00+00:00,0.02,0.0,0.0,35.0,26.0,31.0,0.0,0.0,0.0,0.0,0.0
2023-01-28 00:00:00+00:00,0.0,0.0,0.0,47.0,31.0,46.0,0.0,0.0,0.0,0.0,0.0
2023-01-29 00:00:00+00:00,0.58,0.0,0.0,56.0,39.0,40.0,0.0,0.0,0.0,0.0,0.0
2023-01-30 00:00:00+00:00,0.11,0.0,0.0,44.0,40.0,44.0,0.0,0.0,0.0,0.0,0.0
2023-01-31 00:00:00+00:00,0.31,0.1,0.0,54.0,30.0,30.0,0.0,0.0,0.0,0.0,0.0
2023-02-01 00:00:00+00:00,0.15,0.2,0.0,54.0,23.0,25.0,0.0,0.0,1.0,0.0,0.0
2023-02-02 00:00:00+00:00,0.0,0.0,0.0,32.0,25.0,30.0,0.0,0.0,0.0,0.0,0.0
2023-02-03 00:00:00+00:00,0.0,0.0,0.0,36.0,24.0,25.0,0.0,0.0,0.0,0.0,0.0
2023-02-04 00:00:00+00:00,0.0,0.0,0.0,30.0,15.0,22.0,0.0,0.0,0.0,0.0,0.0
2023-02-05 00:00:00+00:00,0.0,0.0,0.0,48.0,22.0,44.0,0.0,0.0,0.0,0.0,0.0
2023-02-06 00:00:00+00:00,0.0,0.0,0.0,58.0,34.0,42.0,0.0,0.0,0.0,0.0,0.0
2023-02-07 00:00:00+00:00,0.0,0.0,0.0,55.0,37.0,48.0,0.0,0.0,0.0,0.0,0.0
2023-02-08 00:00:00+00:00,0.0,0.0,0.0,66.0,48.0,50.0,0.0,0.0,0.0,0.0,0.0
2023-02-09 00:00:00+00:00,0.0,0.0,0.0,67.0,42.0,67.0,0.0,0.0,0.0,0.0,0.0
2023-02-10 00:00:00+00:00,0.0,0.0,0.0,71.0,41.0,42.0,0.0,0.0,0.0,0.0,0.0
2023-02-11 00:00:00+00:00,0.0,0.0,0.0,51.0,29.0,33.0,0.0,0.0,0.0,0.0,0.0
2023-02-12 00:00:00+00:00,0.0,0.0,0.0,45.0,33.0,39.0,0.0,0.0,0.0,0.0,0.0
2023-02-13 00:00:00+00:00,0.0,0.0,0.0,53.0,27.0,33.0,0.0,0.0,0.0,0.0,0.0
2023-02-14 00:00:00+00:00,0.0,0.0,0.0,62.0,33.0,45.0,0.0,0.0,0.0,0.0,0.0
2023-02-15 00:00:00+00:00,0.0,0.0,0.0,62.0,33.0,61.0,0.0,0.0,0.0,0.0,0.0
2023-02-16 00:00:00+00:00,1.43,0.0,0.0,72.0,54.0,57.0,0.0,1.0,0.0,0.0,0.0
2023-02-17 00:00:00+00:00,3.33,0.0,0.0,58.0,32.0,33.0,0.0,1.0,0.0,0.0,0.0
2023-02-18 00:00:00+00:00,0.01,0.0,0.0,34.0,22.0,31.0,0.0,0.0,0.0,0.0,0.0
2023-02-19 00:00:00+00:00,0.0,0.0,0.0,50.0,31.0,50.0,0.0,0.0,0.0,0.0,0.0
2023-02-20 00:00:00+00:00,0.05,0.0,0.0,59.0,44.0,45.0,0.0,0.0,0.0,0.0,0.0
2023-02-21 00:00:00+00:00,0.03,0.0,0.0,53.0,42.0,51.0,0.0,0.0,0.0,0.0,0.0
2023-02-22 00:00:00+00:00,0.0,0.0,0.0,60.0,46.0,60.0,0.0,0.0,0.0,0.0,0.0
2023-02-23 00:00:00+00:00,0.65,0.0,0.0,77.0,55.0,59.0,0.0,0.0,0.0,0.0,0.0
2023-02-24 00:00:00+00:00,0.0,0.0,0.0,78.0,38.0,43.0,0.0,0.0,0.0,0.0,0.0
2023-02-25 00:00:00+00:00,0.11,0.0,0.0,50.0,34.0,37.0,0.0,0.0,0.0,0.0,0.0
2023-02-26 00:00:00+00:00,0.02,0.0,0.0,41.0,37.0,41.0,0.0,0.0,0.0,0.0,0.0
2023-02-27 00:00:00+00:00,0.0,0.0,0.0,57.0,41.0,56.0,0.0,0.0,0.0,0.0,0.0
2023-02-28 00:00:00+00:00,0.09,0.0,0.0,69.0,49.0,51.0,0.0,0.0,0.0,0.0,0.0
2023-03-01 00:00:00+00:00,0.0,0.0,0.0,65.0,41.0,56.0,0.0,0.0,0.0,0.0,0.0
2023-03-02 00:00:00+00:00,0.45,0.0,0.0,78.0,51.0,52.0,0.0,0.0,0.0,0.0,0.0
2023-03-03 00:00:00+00:00,0.7,0.0,0.0,59.0,44.0,48.0,0.0,0.0,0.0,0.0,0.0
2023-03-04 00:00:00+00:00,0.32,0.0,0.0,69.0,40.0,43.0,0.0,1.0,0.0,0.0,1.0
2023-03-05 00:00:00+00:00,0.01,0.0,0.0,57.0,0.0,51.0,0.0,0.0,0.0,0.0,0.0
2023-03-06 00:00:00+00:00,0.0,0.0,0.0,63.0,42.0,48.0,0.0,0.0,0.0,0.0,0.0
2023-03-07 00:00:00+00:00,0.0,0.0,0.0,74.0,0.0,47.0,0.0,0.0,0.0,0.0,0.0
2023-03-08 00:00:00+00:00,0.0,0.0,0.0,0.0,0.0,33.0,0.0,0.0,0.0,0.0,0.0
2023-03-09 00:00:00+00:00,0.0,0.0,0.0,45.0,32.0,44.0,0.0,0.0,0.0,0.0,0.0
2023-03-10 00:00:00+00:00,0.19,0.0,0.0,62.0,42.0,42.0,0.0,0.0,0.0,0.0,0.0
2023-03-11 00:00:00+00:00,0.0,0.0,0.0,43.0,34.0,37.0,0.0,0.0,0.0,0.0,0.0
2023-03-12 00:00:00+00:00,0.14,0.0,0.0,49.0,32.0,33.0,0.0,0.0,0.0,0.0,0.0
2023-03-13 00:00:00+00:00,0.04,0.0,0.0,37.0,33.0,36.0,0.0,0.0,0.0,0.0,0.0
2023-03-14 00:00:00+00:00,0.01,0.0,0.0,37.0,27.0,29.0,0.0,0.0,0.0,0.0,0.0
2023-03-15 00:00:00+00:00,0.0,0.0,0.0,34.0,20.0,31.0,0.0,0.0,0.0,0.0,0.0
2023-03-16 00:00:00+00:00,0.0,0.0,0.0,50.0,27.0,36.0,0.0,0.0,0.0,0.0,0.0
2023-03-17 00:00:00+00:00,0.17,0.0,0.0,65.0,36.0,51.0,0.0,0.0,0.0,0.0,0.0
2023-03-18 00:00:00+00:00,0.2,0.0,0.0,51.0,25.0,33.0,0.0,0.0,0.0,0.0,0.0
2023-03-19 00:00:00+00:00,0.0,0.0,0.0,43.0,19.0,21.0,0.0,0.0,0.0,0.0,0.0
2023-03-20 00:00:00+00:00,0.0,0.0,0.0,35.0,16.0,23.0,0.0,0.0,0.0,0.0,0.0
2023-03-21 00:00:00+00:00,0.0,0.0,0.0,50.0,23.0,36.0,0.0,0.0,0.0,0.0,0.0
2023-03-22 00:00:00+00:00,0.1,0.0,0.0,62.0,36.0,43.0,0.0,0.0,0.0,0.0,0.0
2023-03-23 00:00:00+00:00,0.04,0.0,0.0,63.0,43.0,63.0,0.0,0.0,0.0,0.0,0.0
2023-03-24 00:00:00+00:00,0.23,0.0,0.0,78.0,56.0,56.0,0.0,0.0,0.0,0.0,0.0
2023-03-25 00:00:00+00:00,1.07,0.0,0.0,62.0,56.0,62.0,0.0,1.0,0.0,0.0,0.0
2023-03-26 00:00:00+00:00,0.0,0.0,0.0,73.0,40.0,48.0,0.0,0.0,0.0,0.0,0.0
2023-03-27 00:00:00+00:00,0.0,0.0,0.0,72.0,46.0,53.0,0.0,0.0,0.0,0.0,0.0
2023-03-28 00:00:00+00:00,0.0,0.0,0.0,68.0,36.0,44.0,0.0,0.0,0.0,0.0,0.0
2023-03-29 00:00:00+00:00,0.0,0.0,0.0,56.0,30.0,44.0,0.0,0.0,0.0,0.0,0.0
2023-03-30 00:00:00+00:00,0.0,0.0,0.0,59.0,36.0,42.0,0.0,0.0,0.0,0.0,0.0
2023-03-31 00:00:00+00:00,0.45,0.0,0.0,65.0,42.0,48.0,0.0,0.0,0.0,0.0,0.0
2023-04-01 00:00:00+00:00,1.2,0.0,0.0,64.0,48.0,61.0,0.0,0.0,0.0,0.0,0.0
2023-04-03 00:00:00+00:00,0.0,0.0,0.0,72.0,39.0,52.0,0.0,0.0,0.0,0.0,0.0
2023-04-04 00:00:00+00:00,0.0,0.0,0.0,72.0,52.0,60.0,0.0,0.0,0.0,0.0,0.0
2023-04-05 00:00:00+00:00,0.0,0.0,0.0,82.0,60.0,73.0,0.0,0.0,0.0,0.0,0.0
2023-04-06 00:00:00+00:00,0.41,0.0,0.0,87.0,48.0,48.0,0.0,0.0,0.0,0.0,0.0
2023-04-07 00:00:00+00:00,0.02,0.0,0.0,50.0,43.0,44.0,0.0,0.0,0.0,0.0,0.0
2023-04-08 00:00:00+00:00,0.0,0.0,0.0,54.0,41.0,44.0,0.0,0.0,0.0,0.0,0.0
2023-04-09 00:00:00+00:00,0.0,0.0,0.0,55.0,40.0,49.0,0.0,0.0,0.0,0.0,0.0
2023-04-10 00:00:00+00:00,0.0,0.0,0.0,66.0,40.0,52.0,0.0,0.0,0.0,0.0,0.0
2023-04-11 00:00:00+00:00,0.0,0.0,0.0,73.0,41.0,53.0,0.0,0.0,0.0,0.0,0.0
2023-04-12 00:00:00+00:00,0.0,0.0,0.0,75.0,45.0,55.0,0.0,0.0,0.0,0.0,0.0
2023-04-13 00:00:00+00:00,0.0,0.0,0.0,79.0,49.0,64.0,0.0,0.0,0.0,0.0,0.0
2023-04-14 00:00:00+00:00,0.0,0.0,0.0,85.0,55.0,67.0,0.0,0.0,0.0,0.0,0.0
2023-04-15 00:00:00+00:00,0.32,0.0,0.0,77.0,51.0,57.0,0.0,1.0,0.0,0.0,0.0
2023-04-16 00:00:00+00:00,0.1,0.0,0.0,78.0,57.0,60.0,0.0,0.0,0.0,0.0,0.0
2023-04-17 00:00:00+00:00,0.0,0.0,0.0,71.0,43.0,50.0,0.0,0.0,0.0,0.0,0.0
2023-04-18 00:00:00+00:00,0.0,0.0,0.0,63.0,39.0,55.0,0.0,0.0,0.0,0.0,0.0
2023-04-19 00:00:00+00:00,0.0,0.0,0.0,72.0,46.0,53.0,0.0,0.0,0.0,0.0,0.0
2023-04-20 00:00:00+00:00,0.0,0.0,0.0,82.0,52.0,65.0,0.0,0.0,0.0,0.0,0.0
2023-04-21 00:00:00+00:00,0.0,0.0,0.0,84.0,59.0,65.0,0.0,0.0,0.0,0.0,0.0
2023-04-22 00:00:00+00:00,0.64,0.0,0.0,78.0,45.0,46.0,0.0,1.0,0.0,0.0,0.0
2023-04-23 00:00:00+00:00,0.02,0.0,0.0,62.0,37.0,43.0,0.0,0.0,0.0,0.0,0.0
2023-04-24 00:00:00+00:00,0.0,0.0,0.0,55.0,30.0,44.0,0.0,0.0,0.0,0.0,0.0
2023-04-25 00:00:00+00:00,0.0,0.0,0.0,55.0,31.0,44.0,0.0,0.0,0.0,0.0,0.0
2023-04-26 00:00:00+00:00,0.0,0.0,0.0,64.0,37.0,50.0,0.0,0.0,0.0,0.0,0.0
2023-04-27 00:00:00+00:00,0.0,0.0,0.0,71.0,46.0,55.0,0.0,0.0,0.0,0.0,0.0
2023-04-28 00:00:00+00:00,0.56,0.0,0.0,70.0,55.0,57.0,0.0,0.0,0.0,0.0,0.0
2023-04-29 00:00:00+00:00,0.05,0.0,0.0,72.0,46.0,55.0,0.0,0.0,0.0,0.0,0.0
2023-04-30 00:00:00+00:00,0.11,0.0,0.0,65.0,51.0,51.0,0.0,0.0,0.0,0.0,0.0
2023-05-01 00:00:00+00:00,0.06,0.0,0.0,57.0,41.0,48.0,0.0,0.0,0.0,0.0,0.0
2023-05-02 00:00:00+00:00,0.0,0.0,0.0,55.0,42.0,52.0,0.0,0.0,0.0,0.0,0.0
2023-05-03 00:00:00+00:00,0.0,0.0,0.0,62.0,43.0,43.0,0.0,0.0,0.0,0.0,0.0
2023-05-04 00:00:00+00:00,0.0,0.0,0.0,58.0,35.0,52.0,0.0,0.0,0.0,0.0,0.0
2023-05-05 00:00:00+00:00,0.0,0.0,0.0,66.0,43.0,58.0,0.0,0.0,0.0,0.0,0.0
2023-05-06 00:00:00+00:00,0.0,0.0,0.0,76.0,43.0,59.0,0.0,0.0,0.0,0.0,0.0
2023-05-07 00:00:00+00:00,0.0,0.0,0.0,78.0,57.0,63.0,0.0,0.0,0.0,0.0,0.0
2023-05-08 00:00:00+00:00,0.38,0.0,0.0,78.0,54.0,59.0,0.0,0.0,0.0,0.0,0.0
2023-05-09 00:00:00+00:00,0.9,0.0,0.0,74.0,59.0,65.0,0.0,0.0,0.0,0.0,0.0
2023-05-10 00:00:00+00:00,0.0,0.0,0.0,74.0,49.0,62.0,0.0,0.0,0.0,0.0,0.0
2023-05-11 00:00:00+00:00,0.0,0.0,0.0,79.0,55.0,65.0,0.0,0.0,0.0,0.0,0.0
2023-05-12 00:00:00+00:00,0.0,0.0,0.0,81.0,55.0,70.0,0.0,0.0,0.0,0.0,0.0
2023-05-13 00:00:00+00:00,0.18,0.0,0.0,77.0,63.0,69.0,0.0,0.0,0.0,0.0,0.0
2023-05-14 00:00:00+00:00,0.09,0.0,0.0,80.0,61.0,62.0,0.0,0.0,0.0,0.0,0.0
2023-05-15 00:00:00+00:00,0.0,0.0,0.0,76.0,58.0,59.0,0.0,0.0,0.0,0.0,0.0
2023-05-16 00:00:00+00:00,0.0,0.0,0.0,76.0,58.0,64.0,0.0,0.0,0.0,0.0,0.0
2023-05-17 00:00:00+00:00,0.2,0.0,0.0,76.0,54.0,58.0,0.0,0.0,0.0,0.0,0.0
2023-05-18 00:00:00+00:00,0.0,0.0,0.0,73.0,50.0,56.0,0.0,0.0,0.0,0.0,0.0
2023-05-19 00:00:00+00:00,0.0,0.0,0.0,78.0,55.0,65.0,0.0,0.0,0.0,0.0,0.0
2023-05-20 00:00:00+00:00,0.0,0.0,0.0,79.0,62.0,62.0,0.0,0.0,0.0,0.0,0.0
2023-05-21 00:00:00+00:00,0.23,0.0,0.0,65.0,50.0,57.0,0.0,0.0,0.0,0.0,0.0
2023-05-22 00:00:00+00:00,0.0,0.0,0.0,72.0,50.0,63.0,0.0,0.0,0.0,0.0,0.0
2023-05-23 00:00:00+00:00,0.0,0.0,0.0,77.0,56.0,66.0,0.0,0.0,0.0,0.0,0.0
2023-05-24 00:00:00+00:00,0.0,0.0,0.0,79.0,54.0,61.0,0.0,0.0,0.0,0.0,0.0
2023-05-25 00:00:00+00:00,0.0,0.0,0.0,79.0,54.0,60.0,0.0,0.0,0.0,0.0,0.0
2023-05-26 00:00:00+00:00,0.0,0.0,0.0,73.0,51.0,60.0,0.0,0.0,0.0,0.0,0.0
2023-05-27 00:00:00+00:00,0.0,0.0,0.0,75.0,54.0,64.0,0.0,0.0,0.0,0.0,0.0
2023-05-28 00:00:00+00:00,0.43,0.0,0.0,68.0,51.0,52.0,0.0,0.0,0.0,0.0,0.0
2023-05-29 00:00:00+00:00,0.0,0.0,0.0,0.0,51.0,57.0,0.0,0.0,0.0,0.0,0.0
2023-05-30 00:00:00+00:00,0.0,0.0,0.0,73.0,57.0,67.0,0.0,0.0,0.0,0.0,0.0
2023-05-31 00:00:00+00:00,0.0,0.0,0.0,82.0,57.0,70.0,0.0,0.0,0.0,0.0,0.0
2023-06-01 00:00:00+00:00,0.0,0.0,0.0,82.0,60.0,70.0,0.0,0.0,0.0,0.0,0.0
2023-06-02 00:00:00+00:00,0.0,0.0,0.0,84.0,59.0,70.0,0.0,0.0,0.0,0.0,0.0
2023-06-03 00:00:00+00:00,0.0,0.0,0.0,86.0,57.0,72.0,0.0,0.0,0.0,0.0,0.0
2023-06-04 00:00:00+00:00,0.0,0.0,0.0,87.0,60.0,72.0,0.0,0.0,0.0,0.0,0.0
2023-06-05 00:00:00+00:00,0.0,0.0,0.0,85.0,64.0,72.0,0.0,0.0,0.0,0.0,0.0
2023-06-06 00:00:00+00:00,0.0,0.0,0.0,83.0,53.0,62.0,0.0,0.0,0.0,0.0,0.0
2023-06-07 00:00:00+00:00,0.36,0.0,0.0,0.0,0.0,0.0,0.0,0.0,0.0,0.0,0.0
2023-06-08 00:00:00+00:00,0.16,0.0,0.0,0.0,0.0,0.0,0.0,0.0,0.0,0.0,0.0
2023-06-09 00:00:00+00:00,0.0,0.0,0.0,0.0,0.0,0.0,0.0,0.0,0.0,0.0,0.0
2023-06-10 00:00:00+00:00,0.0,0.0,0.0,0.0,0.0,0.0,0.0,0.0,0.0,0.0,0.0
2023-06-11 00:00:00+00:00,0.36,0.0,0.0,0.0,0.0,0.0,0.0,0.0,0.0,0.0,0.0
2023-06-12 00:00:00+00:00,1.26,0.0,0.0,0.0,0.0,0.0,0.0,0.0,0.0,0.0,0.0
2023-06-13 00:00:00+00:00,0.02,0.0,0.0,0.0,0.0,0.0,0.0,0.0,0.0,0.0,0.0
2023-06-14 00:00:00+00:00,0.0,0.0,0.0,0.0,0.0,0.0,0.0,0.0,0.0,0.0,0.0
2023-06-15 00:00:00+00:00,0.09,0.0,0.0,0.0,0.0,0.0,0.0,0.0,0.0,0.0,0.0
2023-06-16 00:00:00+00:00,0.0,0.0,0.0,0.0,0.0,0.0,0.0,0.0,0.0,0.0,0.0
2023-06-17 00:00:00+00:00,0.0,0.0,0.0,0.0,0.0,0.0,0.0,0.0,0.0,0.0,0.0
2023-06-18 00:00:00+00:00,0.0,0.0,0.0,0.0,0.0,0.0,0.0,0.0,0.0,0.0,0.0
2023-06-19 00:00:00+00:00,0.0,0.0,0.0,0.0,0.0,0.0,0.0,0.0,0.0,0.0,0.0
2023-06-20 00:00:00+00:00,0.18,0.0,0.0,0.0,0.0,0.0,0.0,0.0,0.0,0.0,0.0
2023-06-21 00:00:00+00:00,0.21,0.0,0.0,0.0,0.0,0.0,0.0,0.0,0.0,0.0,0.0
2023-06-22 00:00:00+00:00,0.14,0.0,0.0,0.0,0.0,0.0,0.0,0.0,0.0,0.0,0.0
2023-06-23 00:00:00+00:00,0.21,0.0,0.0,0.0,0.0,0.0,0.0,0.0,0.0,0.0,0.0
2023-06-24 00:00:00+00:00,0.03,0.0,0.0,0.0,0.0,0.0,0.0,0.0,0.0,0.0,0.0
2023-06-25 00:00:00+00:00,0.0,0.0,0.0,0.0,0.0,0.0,0.0,0.0,0.0,0.0,0.0
2023-06-26 00:00:00+00:00,0.75,0.0,0.0,0.0,0.0,0.0,0.0,0.0,0.0,0.0,0.0
2023-06-27 00:00:00+00:00,0.26,0.0,0.0,0.0,0.0,0.0,0.0,0.0,0.0,0.0,0.0
2023-06-28 00:00:00+00:00,0.01,0.0,0.0,0.0,0.0,0.0,0.0,0.0,0.0,0.0,0.0
2023-06-29 00:00:00+00:00,0.0,0.0,0.0,0.0,0.0,0.0,0.0,0.0,0.0,0.0,0.0
2023-06-30 00:00:00+00:00,0.39,0.0,0.0,0.0,0.0,0.0,0.0,0.0,0.0,0.0,0.0
2023-07-01 00:00:00+00:00,0.68,0.0,0.0,0.0,0.0,0.0,0.0,0.0,0.0,0.0,0.0
2023-07-02 00:00:00+00:00,0.41,0.0,0.0,0.0,0.0,0.0,0.0,0.0,0.0,0.0,0.0
